language_id,avg_page_title,avg_card_gauge,avg_card_slicer,dashboard_card_1,dashboard_card_2,dashboard_card_3,dashboard_card_4,dashboard_card_5,dashboard_card_6,dashboard_card_7,dashboard_card_8,dashboard_card_9,dashboard_card_10,dashboard_card_11,dashboard_card_12,dashboard_card_13,questions_page_title
0,"Functions and Facilities","Average in %","Your Division, Union, Field","Mission & Discipleship","Action F/U & Comm.","Statistical Report","Credentials & Licences","Committees & Sessions","Sessions & Assemblies","Yearbook","Call processing","Office facilities","Minutes","References & Manuals","Personnel Data","Working & Mailing lists","Questions"
1,"Funciones e Instalaciones","Promedio en %","Tu División, Unión, Campo","Misión y Discipulado","Acción F/U y Comunicación","Informe Estadístico","Credenciales y Licencias","Comités y Sesiones","Sesiones y Asambleas","Anuario","Procesamiento de Llamadas","Instalaciones de Oficina","Minutos","Referencias y Manuales","Datos de Personal","Listas de Trabajo y Correo"," Preguntas"
2,"Fonctions et Installations","Moyenne en %","Votre Division, Union, Champ","Mission et Discipulat","Action F/U & Comm.","Rapport Statistique","Crédits & Licences","Comités & Sessions","Sessions & Assemblées","Annuaire","Traitement des Appels","Installations de Bureau","Procès-Verbaux","Références & Manuels","Données du Personnel","Listes de Travail & de Diffusion","Questions"
3,"Funções e Instalações","Média em %","Sua Divisão, União, Campo","Missão e Discipulado","Ação F/U & Comunicação","Relatório Estatístico","Credenciais e Licenças","Comitês e Sessões","Sessões e Assembleias","Anuário","Processamento de Chamadas","Instalações de Escritório","Minutos","Referências e Manuais","Dados Pessoais","Listas de Trabalho e Correspondência","Perguntas"
4,"Функции и Удобства (Funktsii i Udobstva)","Среднее в %","Ваша Дивизия, Союз, Поле","Миссия и Ученичество","Действие F/U и Связь","Статистический отчет","Удостоверения и Лицензии","Комитеты и Сессии","Сессии и Ассамблеи","Годовой отчет","Обработка вызовов","Офисные удобства","Протоколы","Справочники и Руководства","Данные персонала","Рабочие и Рассылочные списки","Вопросы (Voprosy)"
5,"기능 및 시설 (Gineung mic Siseol)","평균 %","당신의 사단, 조합, 분야","사명 및 제자훈련","행동 F/U 및 통신","통계 보고서","자격증 및 면허","위원회 및 세션","세션 및 협의회","연보","통화 처리","사무실 시설","회의록","참조 자료 및 매뉴얼","인적 자료","작업 및 메일링 목록","질문 (Jilmun)"
6,"Majukumu na Vifaa","wastani katika %","Divisheni Yako, Muungano, Uwanja","Missioni na Uanafunzi","Hatua F/U na Mawasiliano","Ripoti ya Takwimu","Vyeti na Leseni","Kamati na Vikao","Sesioni na Mikutano","Kalenda ya Mwaka","Usindikaji wa Simu","Vifaa vya Ofisi","Dakika","Marejeo na Miongozo","Data ya Wafanyakazi","Orodha ya Kazi na Mawasiliano","Maswali"
7,"Fungsi dan Fasilitas","Rata-rata dalam %","Divisi, Serikat, Lapanganmu","Misi & Pendidikan Kristen","Aksi F/U & Komunikasi","Laporan Statistik","Kredensial & Lisensi","Komite & Sesi","Sesi & Majelis","Buku Tahunan","Pemrosesan Panggilan","Fasilitas Kantor","Menit","Referensi & Manual","Data Personalia","Daftar Kerja & Daftar Kirim","Pertanyaan"
8,"Funktionen und Einrichtungen","Durchschnitt in %","Deine Division, Union, Bereich","Mission & Jüngerschaft","Aktion F/U & Kommunikation","Statistischer Bericht","Qualifikationen & Lizenzen","Ausschüsse & Sitzungen","Sitzungen & Versammlungen","Jahrbuch","Anrufverarbeitung","Büroausstattung","Protokolle","Referenzen & Handbücher","Personaldaten","Arbeits- & Verteilerlisten","Fragen"
